<?xml version="1.0" encoding="UTF-8"?><metadata>
    <idinfo>
        <citation>
            <citeinfo>
                <origin/>
                <origin/>
                <pubdate>20171221</pubdate>
                <title>slr_potent_fld_hwys_0_pt_5_ft</title>
                <geoform>vector digital data</geoform>
            </citeinfo>
        </citation>
        <descript>
            <abstract>Vulnerability was assessed for the main Hawaiian Islands using the outputs of coastal hazard exposure modeling (provided separately). Potential impacts to coastal highways and major roads were assessed in terms of exposure to chronic flooding in the sea level rise exposure area (SLR-XA) for four future sea level rise scenarios: 0.5 foot, 1.1 foot, 2.0 feet and 3.2 feet based on the upper end of the IPCC AR5 RCP8.5 projections. This particular layer depicts floodway highways and major roads using the 0.5-ft (0.1660-m) sea level rise scenario. While the RCP8.5 predicts that this scenario would be reached by the year 2030, questions remain around the exact timing of sea level rise and recent observations and projections suggest a sooner arrival. Data compiled by the Pacific Islands Ocean Observing System (PacIOOS) for the Hawaii Sea Level Rise Viewer hosted at https://pacioos.org/shoreline/slr-hawaii/. For further information, please see the Hawaii Sea Level Rise Vulnerability and Adaptation Report: https://climateadaptation.hawaii.gov/wp-content/uploads/2017/12/SLR-Report_Dec2017.pdf.</abstract>
            <purpose>Potential impacts to coastal highways and major roads due to sea level rise, modeled using a 0.5 foot scenario.</purpose>
        </descript>
        <spdom>
            <bounding>
                <westbc>-159.777117844804</westbc>
                <eastbc>-156.20958348112</eastbc>
                <northbc>22.2226057346148</northbc>
                <southbc>20.6251041315208</southbc>
            </bounding>
        </spdom>
        <keywords>
            <theme>
                <themekt>GCMD Science Keywords</themekt>
                <themekey>Earth Science &gt; Human Dimensions &gt; Environmental Impacts</themekey>
                <themekey>Earth Science &gt; Climate Indicators &gt; Atmospheric/Ocean Indicators &gt; Sea Level Rise</themekey>
                <themekey>Earth Science &gt; Human Dimensions &gt; Human Settlements &gt; Coastal Areas</themekey>
                <themekey>Earth Science &gt; Oceans &gt; Coastal Processes &gt; Sea Level Rise</themekey>
                <themekey>Earth Science &gt; Human Dimensions &gt; Infrastructure &gt; Transportation</themekey>
                <themekey>Earth Science &gt; Human Dimensions &gt; Natural Hazards &gt; Floods</themekey>
            </theme>
            <theme>
                <themekt>ISO 19115 Topic Categories</themekt>
                <themekey>environment</themekey>
                <themekey>oceans</themekey>
                <themekey>structure</themekey>
                <themekey>transportation</themekey>
            </theme>
            <place>
                <placekt>GCMD Location Keywords</placekt>
                <placekey>Continent &gt; North America &gt; United States Of America &gt; Hawaii</placekey>
                <placekey>Ocean &gt; Pacific Ocean &gt; Central Pacific Ocean &gt; Hawaiian Islands</placekey>
            </place>
        </keywords>
        <accconst>None</accconst>
        <useconst>Use Limitation: Based on the methodology of sea level rise modeling used in the Hawaii Sea Level Rise Vulnerability and Adaptation Report (Report) and the Hawaii Sea Level Rise Viewer (Viewer), having gone through peer review and publication in the Nature Journal Scientific Reports, the results of this study are sufficiently validated to be appropriately used in land management decisions as the best available information as of the date of publication of the Report, December 2017, consistent with the intent of Act 83 SLH 2014 as amended. This Report is intended to provide a state-wide assessment of Hawaii's vulnerability to sea level rise. The location of projected impacts and economic costs from damages are estimates based on a particular sea level rise scenario. The hazard and vulnerability data and maps provided herein are based on observational data and computer-based models as described in the Report and in published research (Anderson et al., 2018). As with all models, it is important to understand the methods, assumptions, limitations, and uncertainties of the methods used. The risks associated with use or non-use of the results are assumed by the user.State of Hawaii Terms of Use. 



The
 contents of this web page are public domain and to the extent indicated
 otherwise in the Terms of Use, are exempt from Terms of Use policy 
restrictions.There are no expressed warranties associated with the 
release of this data or product. Specifically, no warranty is made that 
the GIS data or any subsequent updates will be error free and no 
warranty is made regarding the positional or thematic accuracy of the 
GIS data. The GIS data and any features depicted do not represent or 
confer any legal rights, privileges, benefits, boundaries or claims of 
any kind. The Office of Planning and Sustainable Development encourages users to report any 
discrepancies or errors found.  Contact: Hawaii Statewide GIS Program, Office of Planning and Sustainable Development, State of Hawaii; PO Box 2359, Honolulu, Hi. 96804; (808) 587-2846; email: gis@hawaii.gov. Website: https://planning.hawaii.gov/gis.</useconst>
        <ptcontac>
            <cntinfo>
                <cntorgp>
                    <cntorg>Tetra Tech, Inc.</cntorg>
                    <cntper>Catherine Courtney</cntper>
                </cntorgp>
                <cntvoice>Unknown</cntvoice>
                <cntemail>kitty.courtney@tetratech.com</cntemail>
            </cntinfo>
        </ptcontac>
        <browse>
            <browsen>http://pacioos.org/metadata/browse/hi_tt_all_slrxa_tran_2030.png</browsen>
            <browsed>Sample image.</browsed>
            <browset>PNG</browset>
        </browse>
        <datacred>SOEST, UH CGG, PacIOOS</datacred>
        <native>Version 6.2 (Build 9200) ; Esri ArcGIS 10.6.1.9270</native>
    </idinfo>
    <spdoinfo>
        <direct>Vector</direct>
        <ptvctinf>
            <sdtsterm>
                <sdtstype>String</sdtstype>
                <ptvctcnt>98</ptvctcnt>
            </sdtsterm>
        </ptvctinf>
    </spdoinfo>
    <eainfo>
        <detailed>
            <enttyp>
                <enttypl>slr_potent_fld_hwys_0_pt_5_ft</enttypl>
            </enttyp>
            <attr>
                <attrlabl>OBJECTID</attrlabl>
                <attrdef>Internal feature number.</attrdef>
                <attrdefs>Esri</attrdefs>
                <attrdomv>
                    					
                    <udom>Sequential unique whole numbers that are automatically generated.</udom>
                    				
                </attrdomv>
            </attr>
            <attr>
                <attrlabl>Shape</attrlabl>
                <attrdef>Feature geometry.</attrdef>
                <attrdefs>Esri</attrdefs>
                <attrdomv>
                    					
                    <udom>Coordinates defining the features.</udom>
                    				
                </attrdomv>
            </attr>
            <attr>
                <attrlabl>FID_kau_ce</attrlabl>
            </attr>
            <attr>
                <attrlabl>SEGMENTID</attrlabl>
            </attr>
            <attr>
                <attrlabl>ST_FULLNM</attrlabl>
            </attr>
            <attr>
                <attrlabl>ST_PRE</attrlabl>
            </attr>
            <attr>
                <attrlabl>ST_NAME</attrlabl>
            </attr>
            <attr>
                <attrlabl>ST_TYPE</attrlabl>
            </attr>
            <attr>
                <attrlabl>ST_SUF</attrlabl>
            </attr>
            <attr>
                <attrlabl>A1_FULLNM</attrlabl>
            </attr>
            <attr>
                <attrlabl>A1_ST_PRE</attrlabl>
            </attr>
            <attr>
                <attrlabl>A1_ST_NAME</attrlabl>
            </attr>
            <attr>
                <attrlabl>A1_ST_TYPE</attrlabl>
            </attr>
            <attr>
                <attrlabl>A1_ST_SUF</attrlabl>
            </attr>
            <attr>
                <attrlabl>A2_FULLNM</attrlabl>
            </attr>
            <attr>
                <attrlabl>A2_ST_PRE</attrlabl>
            </attr>
            <attr>
                <attrlabl>A2_ST_NAME</attrlabl>
            </attr>
            <attr>
                <attrlabl>A2_ST_TYPE</attrlabl>
            </attr>
            <attr>
                <attrlabl>A2_ST_SUF</attrlabl>
            </attr>
            <attr>
                <attrlabl>ROUTE_NUM</attrlabl>
            </attr>
            <attr>
                <attrlabl>ROUTE_TYPE</attrlabl>
            </attr>
            <attr>
                <attrlabl>LF_ADDR</attrlabl>
            </attr>
            <attr>
                <attrlabl>LT_ADDR</attrlabl>
            </attr>
            <attr>
                <attrlabl>RF_ADDR</attrlabl>
            </attr>
            <attr>
                <attrlabl>RT_ADDR</attrlabl>
            </attr>
            <attr>
                <attrlabl>ONEWAY</attrlabl>
            </attr>
            <attr>
                <attrlabl>FROM_ELEV</attrlabl>
            </attr>
            <attr>
                <attrlabl>TO_ELEV</attrlabl>
            </attr>
            <attr>
                <attrlabl>PAVED</attrlabl>
            </attr>
            <attr>
                <attrlabl>PRIVATE</attrlabl>
            </attr>
            <attr>
                <attrlabl>GEO_SOURCE</attrlabl>
            </attr>
            <attr>
                <attrlabl>NAME</attrlabl>
            </attr>
            <attr>
                <attrlabl>Shape_Length</attrlabl>
                <attrdef>Length of feature in internal units.</attrdef>
                <attrdefs>Esri</attrdefs>
                <attrdomv>
                    					
                    <udom>Positive real numbers that are automatically generated.</udom>
                    				
                </attrdomv>
            </attr>
        </detailed>
    </eainfo>
    <distinfo>
        <distrib>
            <cntinfo>
                <cntorgp>
                    <cntorg>Pacific Islands Ocean Observing System (PacIOOS)</cntorg>
                </cntorgp>
                <cntvoice>Unknown</cntvoice>
                <cntemail>info@pacioos.org</cntemail>
            </cntinfo>
        </distrib>
        <distliab>Unknown</distliab>
        <stdorder>
            <digform>
                <digtinfo>
                    <formname>GeoServer</formname>
                    <formcont>This URL provides access to this dataset via GeoServer, which offers multiple output formats and an OpenLayers viewer.</formcont>
                </digtinfo>
                <digtopt>
                    <onlinopt>
                        <computer>
                            <networka>
                                <networkr>http://geo.pacioos.hawaii.edu/geoserver/PACIOOS/hi_tt_all_slrxa_tran_2030/ows?service=WMS&amp;version=1.3.0&amp;request=GetCapabilities</networkr>
                            </networka>
                        </computer>
                    </onlinopt>
                    <onlinopt>
                        <computer>
                            <networka>
                                <networkr>http://pacioos.org/shoreline/slr-hawaii/</networkr>
                            </networka>
                        </computer>
                    </onlinopt>
                    <onlinopt>
                        <computer>
                            <networka>
                                <networkr>http://climateadaptation.hawaii.gov/wp-content/uploads/2017/12/SLR-Report_Dec2017.pdf</networkr>
                            </networka>
                        </computer>
                    </onlinopt>
                    <onlinopt>
                        <computer>
                            <networka>
                                <networkr>http://geo.pacioos.hawaii.edu/geoserver/</networkr>
                            </networka>
                        </computer>
                    </onlinopt>
                    <onlinopt>
                        <computer>
                            <networka>
                                <networkr>http://geo.pacioos.hawaii.edu/geoserver/PACIOOS/gwc/service/wms?service=WMS&amp;version=1.1.1&amp;request=GetCapabilities&amp;tiled=true</networkr>
                            </networka>
                        </computer>
                    </onlinopt>
                    <onlinopt>
                        <computer>
                            <networka>
                                <networkr>http://geo.pacioos.hawaii.edu/geoexplorer/</networkr>
                            </networka>
                        </computer>
                    </onlinopt>
                    <onlinopt>
                        <computer>
                            <networka>
                                <networkr>http://geo.pacioos.hawaii.edu/geoserver/PACIOOS/hi_tt_all_slrxa_tran_2030/ows?service=WFS&amp;version=1.0.0&amp;request=GetCapabilities</networkr>
                            </networka>
                        </computer>
                    </onlinopt>
                </digtopt>
            </digform>
            <fees>None specified</fees>
        </stdorder>
    </distinfo>
    <metainfo>
        <metd>20190318</metd>
        <metc>
            <cntinfo>
                <cntorgp>
                    <cntorg>Tetra Tech, Inc.</cntorg>
                    <cntper>Catherine Courtney</cntper>
                </cntorgp>
                <cntaddr>
                    <addrtype>mailing and physical</addrtype>
                </cntaddr>
                <cntvoice>Unknown</cntvoice>
                <cntemail>kitty.courtney@tetratech.com</cntemail>
            </cntinfo>
        </metc>
        <metstdn>FGDC Content Standard for Digital Geospatial Metadata</metstdn>
        <metstdv>FGDC-STD-001-1998</metstdv>
        <mettc>local time</mettc>
    </metainfo>
</metadata>
