X,Y,objectid,wwtp_name,county,permit,uic_num,tmk,type,owner_type,class,atu_date,lat_dd,long_dd,shape
-156.340177542349,20.8760645710481,1,Haliimaile Waste Stabilization Ponds,Maui,101,,225003005,WWTP,Private,1,NULL,20.876068,-156.340192,
-155.987058530374,20.7593185705844,2,"5,000 gpd Hana Kai WWTP",Maui,102,UM-2005,214005040,WWTP,Private,,1/24/2020,20.759322,-155.987073,
-156.504266545808,20.7966505644052,3,Hono Kai Resort - See 103b for replacement plant,Maui,103,UM-1871,238014002,WWTP,Private,1,10/22/2007,20.796654,-156.504281,
-156.639600550621,20.8570375658071,4,"Mitchell Residence WWTP - 3,000 gpd",Maui,104,,247011015,WWTP,Private,,9/30/2021,20.857041,-156.639615,
-156.536503547648,20.8829195691248,5,"Hawaii Nature Ctr - 2,500 gpd",Maui,105,,233003006,WWTP,Private,2,11/26/1982,20.882923,-156.536518,
-156.507326546099,20.7950965648449,6,Maui Island Sands Resort,Maui,106,UM-1345,238014015,WWTP,Private,2,12/17/1974,20.7951,-156.507341,
-156.505608545862,20.7963685647604,7,"Kana'i A Nalu Condo - 32,000 gpd",Maui,107,UM-1863,238014004,WWTP,Private,2,12/8/1976,20.796372,-156.505623,
-156.668590552887,20.9350945696889,8,"1,200 GPD WWTP for Johnson Residence (6 bedrm)",Maui,108,,244020024,WWTP,Private,,10/28/2021,20.935098,-156.668605,
-156.50783654525,20.7944295645088,9,"21,000 gpd Lauloa Condo WWTP",Maui,110,UM-1327,238014016,WWTP,Private,2,1/28/2021,20.794433,-156.507851,
-156.506768545893,20.7954515642849,10,"Maalaea Banyans Condo - 20,000 gpd",Maui,111,UM-1272,238014013,WWTP,Private,2,10/6/1978,20.795455,-156.506783,
-156.509155546065,20.793385564688,11,"Maalaea Kai Condo - 27,000 gpd",Maui,112,UM-1273,238014021,WWTP,Private,1,10/25/1974,20.793389,-156.50917,
-156.510502545597,20.7924785640726,12,"Maalaea Mermaid Condo - 8,200 gpd",Maui,113,UM-1864,238014026,WWTP,Private,1,8/26/1980,20.792482,-156.510517,
-156.509899545706,20.7930355645317,13,"Maalaea Yacht Marina - 15,000 gpd",Maui,114,UM-1235,238014024,WWTP,Private,2,5/25/1979,20.793039,-156.509914,
-156.504065545336,20.7969175643902,14,"Makani A Kai Condo - 8,400 gpd",Maui,115,UM-1870,238014016,WWTP,Private,2,11/2/1979,20.796921,-156.50408,
-156.431503540825,20.648169557764,15,"Makena Resort - 720,000 gpd",Maui,116,,221008108,Reuse R1,Private,3,5/7/1986,20.648173,-156.431518,
-156.509263545894,20.7927995648474,16,"Milowai Maalea Condo - 21,000 gpd",Maui,117,UM-1329,223008014,WWTP,Private,1,12/5/1978,20.792803,-156.509278,
-156.354198541835,20.8299805688655,17,"Pukalani WWTP - 400,000 gpd",Maui,118,,223061116,Reuse R1,Private,2,3/11/2011,20.829984,-156.354213,
-156.512952546698,20.827141566318,18,Kahili Golf Course WWTP,Maui,119,,236002002,WWTP,Private,2,9/10/1991,20.827145,-156.512967,
-156.460388545822,20.8913095702028,19,"Midway Ctr - 1,200 gpd",Maui,120,,237011024,Reuse R3,Private,1,12/7/2006,20.891313,-156.460403,
-156.313573540723,20.8522595699042,20,"Hale Mahaolu Eha - 10,000 gpd",Maui,122,,224024003,WWTP,Private,2,NULL,20.852263,-156.313588,
-156.460943545796,20.8931315705228,21,"VIP Food Svc - 10,500 gpd",Maui,123,,237011006,WWTP,Private,2,4/30/1996,20.893135,-156.460958,
-156.638637552733,21.0068645740262,22,"The Plantation Club at Kapalua - 6,000 gpd",Maui,125,,242001001,WWTP,Private,2,6/24/1991,21.006868,-156.638652,
-156.510418545568,20.7969275650233,23,"Maalaea Triangle Development - 50,000 gpd",Maui,127,UM-1954,236008010,WWTP,Private,2,5/13/1996,20.796931,-156.510433,
-156.33287354093,20.8356135692475,24,"The Gardens Upcountry- 8,000 gpd",Maui,129,,223044031,WWTP,Private,1,7/15/2008,20.835617,-156.332888,
-156.322129541867,20.912734573027,25,"Haiku Market 10,000 GPD WWTP",Maui,129A,,227011050,WWTP,Private,2,10/9/2019,20.912738,-156.322144,
-156.250616537159,20.7151775644223,26,"Haleakala Natl Park Visitors Ctr - 9,700 gpd",Maui,131,UM-2700,223005001,WWTP,Public,1,8/3/2003,20.715181,-156.250631,
-156.044853530326,20.6615965650266,27,"Haleakala Natl Park - Kipahulu Comfort Station - 9,500 gpd",Maui,134,,223005001,WWTP,Public,1,3/9/2010,20.6616,-156.044868,
-156.646782550133,20.8488525657064,28,"Miller Residence (8 bedrms) - 1,600 gpd",Maui,135,,247013009,WWTP,Private,,12/6/2021,20.848856,-156.646797,
-156.357221540019,20.7024995620176,29,"Kula Hospital - 30,000 gpd",Maui,136,UM-2198,222004034,WWTP,Private,2,6/14/2012,20.702503,-156.357236,
-156.452927544358,20.8110445658055,30,"Pulehunui Industrial Park - 20,000 gpd",Maui,137,UM-2933,238008019,WWTP,Private,2,12/7/2018,20.811048,-156.452942,
-156.2354915396,20.9148205742327,31,"Nityakash LLCWWTP (7 bedrms) - 2,000 gpd",Maui,138,,229005014,WWTP,Private,,6/13/2022,20.914824,-156.235506,
-157.695391591864,21.3338185791897,32,"2,700 GPD WWTP for Waimanalo Beach Cottages",C&C Honolulu,200,,141004022,WWTP,Private,1,2/4/2022,21.333822,-157.695406,
-157.85627760038,21.5066695879888,33,"Coral Kingdom - 3,000 gpd",C&C Honolulu,201,UO-1465,149001017,WWTP,Private,2,4/21/1989,21.506673,-157.856292,
-157.672158590552,21.2884775767627,34,East Honolulu Community Svcs - 5.2 mgd (NPDES),C&C Honolulu,202,,139015025,WWTP,Private,4,NULL,21.288481,-157.672173,
-158.104977606303,21.296599572251,35,"Germaine's Luau - 12,000 gpd",C&C Honolulu,203,UO-1520,191026003,WWTP,Private,2,11/27/1992,21.296603,-158.104992,
-158.105794610321,21.5806935901795,36,"Haleiwa Sr Citizens Ctr - 12,800 gpd",C&C Honolulu,204,UO-1350,166017010,WWTP,Private,2,8/16/1982,21.580697,-158.105809,
-158.103256610758,21.589738590767,37,"Haleiwa Town Center, LLC - 5,500 gpd",C&C Honolulu,205,UO-2025,166004021,WWTP,Private,1,11/27/1978,21.589742,-158.103271,
-158.111055610594,21.5892995906871,38,"Haleiwa Surf Condo - 20,000 gpd",C&C Honolulu,206,UO-2021,166006005,WWTP,Private,1,NULL,21.589303,-158.11107,
-158.031654608753,21.6824095973206,39,"Sunset Beach Colony Estates - 30,000 gpd",C&C Honolulu,209,UO-1216,158003120,WWTP,Private,2,1/12/1978,21.682413,-158.031669,
-157.666472590873,21.315503578218,40,"Oceanic Institute - 3,630 gpd",C&C Honolulu,210,UO-1699,141014004,WWTP,Private,2,6/20/1992,21.315507,-157.666487,
-158.122044610858,21.5701005890716,41,"Kupuna Home O'Waialua - 10,000 gpd",C&C Honolulu,211,UO-2018,167016028,WWTP,Private,2,11/2/2011,21.570104,-158.122059,
-158.137998611185,21.5836445893937,42,"Konane Kai Condo - 35,000 gpd",C&C Honolulu,212,UO-1962,168011042,WWTP,Private,2,12/23/1981,21.583648,-158.138013,
-157.931349604404,21.643696595677,43,Laie WWTP (BYU-Hawaii),C&C Honolulu,213,,155006033,Reuse R1,Public,4,NULL,21.6437,-157.931364,
-158.223196613808,21.4785285819996,44,"Makaha Shores Condos - 20,000 gpd",C&C Honolulu,214,UO-1250,184001005,WWTP,Private,2,NULL,21.478532,-158.223211,
-157.86213460134,21.5587765910212,45,"Makaua Vlg - 20,000 gpd",C&C Honolulu,215,UO-1382,151005004,WWTP,Private,1,NULL,21.55878,-157.862149,
-158.139002611732,21.5821165896983,46,"KCD 1, LLC - 1,600 gpd",C&C Honolulu,216,,168011068,WWTP,Private,1,5/5/2020,21.58212,-158.139017,
-158.138032611895,21.5828095893852,47,"Mokuleia Beach Apts - 5,000 gpd",C&C Honolulu,217,UO-2003,168011027,WWTP,Private,1,NULL,21.582813,-158.138047,
-158.174828612813,21.5802435888847,48,"Mokuleia Beach Colony - 14,000 gpd",C&C Honolulu,218,UO-1799,168009001,WWTP,Private,1,NULL,21.580247,-158.174843,
-158.13770061183,21.5818275895914,49,"Mokuleia Shores Apts - 6,750 gpd",C&C Honolulu,220,UO-1775,168011001,WWTP,Private,1,NULL,21.581831,-158.137715,
-158.139633612031,21.5816625892229,50,"Mokuleia Surf Condos - 5,000 gpd",C&C Honolulu,221,UO-1808,168011007,WWTP,Private,1,NULL,21.581666,-158.139648,
-158.105762610616,21.5811065901609,51,"McDonald's Haleiwa - 4,000 gpd",C&C Honolulu,222,,166017029,WWTP,Private,2,6/24/1991,21.58111,-158.105777,
-158.105264609959,21.5821065903514,52,North Shore Village,C&C Honolulu,223,UO-1778,166017033,WWTP,Private,1,12/13/1979,21.58211,-158.105279,
-157.890499602736,21.5903065923678,53,Pat's at Punaluu,C&C Honolulu,226a,UO-1342,153008002,WWTP,Private,2,NULL,21.59031,-157.890514,
-157.890499602736,21.5903065923678,54,"Pat's at Punaluu - 32,140 GPD TEMPORARY WWTP",C&C Honolulu,226b,UO-1342,153008002,WWTP,Private,,12/23/2020,21.59031,-157.890514,
-158.136407611454,21.5822925893148,55,Puuiki Hale Condominiums,C&C Honolulu,227,UO-1202,168011054,WWTP,Private,1,NULL,21.582296,-158.136422,
-157.778080595923,21.3658435807378,56,Saint Stephen's Diocesan Center,C&C Honolulu,229,UO-2615,142011004,WWTP,Private,1,NULL,21.365847,-157.778095,
-158.139858611187,21.5825465891739,57,Waialua Homes Association WWTP,C&C Honolulu,231,,168011021,WWTP,Private,1,6/28/1994,21.58255,-158.139873,
-158.038266609037,21.6775765965398,58,Sunset Beach Vista WWTP,C&C Honolulu,232b,UO-1247,159001080,WWTP,Private,1,4/16/2018,21.67758,-158.038281,
-158.138998611946,21.5831325897445,59,Sunset Paradise Apartments,C&C Honolulu,233,UO-1950,168011033,WWTP,Private,1,NULL,21.583136,-158.139013,
-158.136659611754,21.583666590108,60,Sunset Shores Apartments,C&C Honolulu,234,UO-1324,168011046,WWTP,Private,2,8/23/1983,21.58367,-158.136674,
-158.033685609106,21.679894596395,61,Sunset Terrace,C&C Honolulu,235,UO-1825,158005080,WWTP,Private,2,8/24/1978,21.679898,-158.0337,
-157.990624606905,21.6949595980835,62,Turtle Bay Resort Wastewater Treatment Plant,C&C Honolulu,237,UO-1532,157001035,Reuse R2,Private,3,NULL,21.694963,-157.990639,
-158.027171608616,21.6855185967572,63,Waialee Livestock Research Farm,C&C Honolulu,238,UO-1829,158001001,WWTP,Private,1,4/6/1989,21.685522,-158.027186,
-158.059418609033,21.6370255938708,64,Waimea Valley Audubon Center,C&C Honolulu,239,,161002002,WWTP,Private,2,4/6/1989,21.637029,-158.059433,
-157.855319600991,21.5574505909507,65,Makaua Shores,C&C Honolulu,240,,151003002,WWTP,Private,1,NULL,21.557454,-157.855334,
-158.107688606554,21.3026215728897,66,"AES Hawaii, Inc.",C&C Honolulu,241,UO-1482,191026028,WWTP,Private,2,9/10/1991,21.302625,-158.107703,
-158.059148606911,21.4611565830665,67,Kunia Village,C&C Honolulu,244,,192005023,Reuse R2,Private,2,1/1/1999,21.46116,-158.059163,
-157.81143359784,21.4426765842718,68,Heeia Kea Small Boat Harbor,C&C Honolulu,245,,146006064,WWTP,Public,2,NULL,21.44268,-157.811448,
-157.965711602869,21.443002582833,69,Waiawa Correctional Facility WWTP,C&C Honolulu,246,,196005011,Reuse R2,Public,2,5/18/1998,21.443006,-157.965726,
-157.986639604164,21.4409435827983,70,Mililani Memorial Park & Mortuary,C&C Honolulu,249,,194006010,WWTP,Private,2,4/6/1992,21.440947,-157.986654,
-158.102739610204,21.5852455901659,71,North Shore Marketplace,C&C Honolulu,250,,162005003,WWTP,Private,2,10/16/2009,21.585249,-158.102754,
-158.138028611851,21.5833425898527,72,Five 2-bedrm residences at 68-152 Au St,C&C Honolulu,251,,168011030,WWTP,Private,1,2/10/2005,21.583346,-158.138043,
-157.770944595394,21.3966055823458,73,"2,500 GPD Kapaa Light Industrial Park - Pilot Project",C&C Honolulu,252,,142015008,WWTP,Private,,6/1/2021,21.396609,-157.770959,
-158.137777611185,21.5824395895986,74,Waialua Palms,C&C Honolulu,253,,168011015,WWTP,Private,1,8/25/1994,21.582443,-158.137792,
-158.139879611496,21.5827915897686,75,Ehukai Homeowners Association,C&C Honolulu,256,,168011036,WWTP,Private,1,10/28/2008,21.582795,-158.139894,
-158.136666611545,21.5833445899204,76,Hale Nanea Homeowners Association,C&C Honolulu,258,,168011060,WWTP,Private,1,5/21/1996,21.583348,-158.136681,
-157.894785602456,21.5866725926287,77,"Dignity Senior Living (fka Oceanside Assd Living; fka  Ponds at Punaluu)",C&C Honolulu,260,,153009058,WWTP,Private,1,5/6/1997,21.586676,-157.8948,
-157.844194598679,21.4633405853959,78,Wailehua Apartments,C&C Honolulu,263,,147058008,WWTP,Private,,4/8/1998,21.463344,-157.844209,
-158.138921611811,21.5818275899306,79,"Waialua Multi-Plex; AOAO 68-023 Au Street, A-D  (formerly Shawn Kelly Apts.)",C&C Honolulu,264,,168011005,WWTP,Private,1,2/3/2007,21.581831,-158.138936,
-158.137188611173,21.5833355897684,80,Waialua Ocean Villas WWTP,C&C Honolulu,266,,168011062,WWTP,Private,1,3/23/2007,21.583339,-158.137203,
-158.139322611233,21.5830195899323,81,Ohana Pili Kai Condo,C&C Honolulu,267,,168011034,WWTP,Private,1,9/28/2005,21.583023,-158.139337,
-158.136397611472,21.5825535899235,82,Au Kai Hale Mauka Wastewater Treatment Plant,C&C Honolulu,268,,168011053,WWTP,Private,,11/3/2010,21.582557,-158.136412,
-158.136351611246,21.5828255900472,83,Au Kai Hale Makai,C&C Honolulu,269,,168011052,WWTP,Private,1,7/1/2011,21.582829,-158.136366,
-157.663628590689,21.3143325785406,84,Sea Life Park (270-1 Lower WWTP) Modification to accept Cavitette flow & Abandon Cavitette (270-3),C&C Honolulu,270-1,,141014013,WWTP,Private,2,8/12/2020,21.314336,-157.663643,
-157.66248759031,21.3133475782195,85,Sea Life Park WWTP - 2 (Restroom Plant),C&C Honolulu,270-2,UO-2037,141014013,WWTP,Private,1,NULL,21.313351,-157.662502,
-157.662088590164,21.3135465788282,86,Sea Life Park - Restroom (Upper WWTP),C&C Honolulu,270-4,,141014013,WWTP,Private,,6/20/2019,21.31355,-157.662103,
-158.136155611105,21.5833515892948,87,North Shore Villas WTW,C&C Honolulu,271,,168011050,WWTP,Private,1,11/3/2010,21.583355,-158.13617,
-158.138141611985,21.5824475892147,88,Robison Apts 68-052 Akule Street,C&C Honolulu,272,,168011017,WWTP,Private,1,9/19/2008,21.582451,-158.138156,
-158.194174612774,21.473931581923,89,Makaha Valley Country Club Wastewater Treatment Works,C&C Honolulu,274,UO-2531,184002005,WWTP,Private,1,12/14/2006,21.473935,-158.194189,
-158.063659609412,21.6443475944973,90,Waimea Bay Apartments,C&C Honolulu,275,UO-2632,159004022,WWTP,Private,1,NULL,21.644351,-158.063674,
-158.097009605864,21.298995572827,91,Hawaii Livestock Cooperative's Slaughterhouse,C&C Honolulu,276,,191031025,WWTP,Private,,7/2/2004,21.298999,-158.097024,
-158.097931606451,21.3096165735927,92,Coca Cola Membrane Bioreactor Wastewater Treatment Facility,C&C Honolulu,277,UO-1991,191032048,WWTP,Private,2,10/12/2007,21.30962,-158.097946,
-158.045464605596,21.3937065791006,93,Monsanto Technology LLC Kunia WWTP,C&C Honolulu,279,,192001001,WWTP,Private,1,11/5/2009,21.39371,-158.045479,
-158.139596611942,21.5823515895742,94,68-088 Akule Street Apartments,C&C Honolulu,280,,168011020,WWTP,Private,,2/20/2009,21.582355,-158.139611,
-158.103661610079,21.588418590625,95,Haleiwa Commercial Building WWTP (Haleiwa Plaza II),C&C Honolulu,281,,166009014,WWTP,Private,1,1/25/2010,21.588422,-158.103676,
-158.138287611605,21.582610589496,96,68-058 Akule Street,C&C Honolulu,282,,168011069,WWTP,Private,,11/30/2009,21.582614,-158.138302,
-158.108755606383,21.3017835724624,97,Pacific Allied Products - Campbell Industrial Park,C&C Honolulu,285,,191026016,Non-Domestic,Private,,2/1/2011,21.301787,-158.10877,
-158.106075606742,21.3045005724211,98,"Covanta Honolulu Resource Recovery Venture, LLC ",C&C Honolulu,286,UO-2424,191026030,WWTP,Public,3,7/1/2011,21.304504,-158.10609,
-158.061688609392,21.6485275948821,99,Foodland Supermarket Pupukea,C&C Honolulu,288,,159011016,WWTP,Private,2,5/24/2021,21.648531,-158.061703,
-158.139486611327,21.5825805893551,100,68-085 Akule Street,C&C Honolulu,289,,168011022,WWTP,Private,,NULL,21.582584,-158.139501,
-158.103496610588,21.5902595903984,101,"Haleiwa Store Lots, aka Haleiwa Commercial Redevelopment",C&C Honolulu,290,,166004034,WWTP,Private,,2/24/2016,21.590263,-158.103511,
-157.945308605543,21.6744405972787,102,Kahuku Villas 6800 gpd Wastewater Treatment Plant,C&C Honolulu,294,,156011001,WWTP,Private,,12/8/2021,21.674444,-157.945323,
-158.074393608311,21.51557958615,103,KCI Villa Rose Egg Ranch,C&C Honolulu,296,,165002005,Non-Domestic,Private,,1/18/2022,21.515583,-158.074408,
-157.886933598861,21.3104805759756,104,Hale Mauliola Temporary Homeless Shelter,C&C Honolulu,298,,115041334,WWTP,Public,,10/11/2019,21.310484,-157.886948,
-158.139678611236,21.5829295898418,105,68-186 Au Street,C&C Honolulu,299,,168011035,WWTP,Private,,NULL,21.582933,-158.139693,
-155.019174488135,19.713675538651,106,Hilo WWTP,Hawaii,302,,321013013,WWTP,Public,4,NULL,19.713679,-155.019189,
-156.015214510223,19.6603025161873,107,Kealakehe,Hawaii,303,,374008058,Reuse R2,Public,3,NULL,19.660306,-156.015229,
-155.205145497402,19.9674185463624,108,Kapehu Wastewater Treatment Plant,Hawaii,304,,335007035,WWTP,Public,2,NULL,19.967422,-155.20516,
-155.094187491569,19.8322925421078,109,Kulaimano,Hawaii,305,,328007075,WWTP,Public,3,NULL,19.832296,-155.094202,
-155.087024490889,19.7826435399899,110,Papaikou STP,Hawaii,306,,327004126,WWTP,Public,3,NULL,19.782647,-155.087039,
-159.584635675573,21.9018055966382,111,Eleele WWTP,Kauai,307,UK-1212,421001043,WWTP,Public,4,NULL,21.901809,-159.58465,
-159.351138665842,21.9692086033839,112,Lihue Wastewater Treatment Plant,Kauai,308,UK-1213,435001030,Reuse R1,Public,4,3/24/2010,21.969212,-159.351153,
-159.336626666316,22.039375608349,113,Wailua WWTP,Kauai,309,,439006019,Reuse R2,Public,4,NULL,22.039379,-159.336641,
-159.678293681338,21.9630336002671,114,Waimea Wastewater Treatment Plant,Kauai,310,UK-2405,412006036,WWTP,Public,4,4/27/2018,21.963037,-159.678308,
-156.923011558288,20.8184155597502,115,Lanai Wastewater Reclamation Facility,Maui,311,,249014015,WWTP,Public,1,NULL,20.818419,-156.923026,
-156.444237542851,20.7354515627456,116,Kihei WWTP,Maui,312,UM-1396,222024010,Reuse R1,Public,4,1/16/1992,20.735455,-156.444252,
-156.687074553102,20.9457945701447,117,Lahaina WWTP,Maui,313,UM-1357,244002029,Reuse R1,Public,4,NULL,20.945798,-156.687089,
-156.456230545442,20.8955965702542,118,Wailuku-Kahului,Maui,314,UM-1398,238001188,Reuse R2,Public,4,NULL,20.8956,-156.456245,
-157.027169566474,21.0911855733038,119,Kaunakakai Wastewater Treatment Plant,Maui,315,UM-1397,253005002,WWTP,Public,3,2/11/2008,21.091189,-157.027184,
-158.036983604351,21.3301965751233,120,Honouliuli WWTP,C&C Honolulu,317,,191013007,WWTP,Public,4,NULL,21.3302,-158.036998,
-158.039938604318,21.3299865752633,121,Honouliuli Water Recycling Facility,C&C Honolulu,317A,,191013007,Reuse R1,Public,4,9/8/1999,21.32999,-158.039953,
-157.953962605443,21.6839405981196,122,Kahuku WWTP,C&C Honolulu,318,UO-1257,156002024,WWTP,Public,3,NULL,21.683944,-157.953977,
-157.7523525957,21.4273645846144,123,Kailua,C&C Honolulu,319,,144011081,WWTP,Public,4,NULL,21.427368,-157.752367,
-158.112057610483,21.5756845892797,124,"Paalaa Kai Wastewater Treatment Plant; 768-4534 or 4535",C&C Honolulu,322,UO-1258,166034033,WWTP,Public,3,2/21/1980,21.575688,-158.112072,
-157.882187597983,21.3058395757018,125,Sand Island WWTP/Synagro,C&C Honolulu,323,,115041005,Biosolids,Public,4,NULL,21.305843,-157.882202,
-158.039278606456,21.4914775846468,126,Wahiawa Wastewater Treatment Plant,C&C Honolulu,324,,173007002,Reuse R2,Public,4,NULL,21.491481,-158.039293,
-158.183056611571,21.4339215802766,127,Waianae WWTP,C&C Honolulu,325,,186001044,WWTP,Public,4,NULL,21.433925,-158.183071,
-157.705446592422,21.3388385798598,128,Waimanalo Wastewater Treatment Plant,C&C Honolulu,326,UO-1259,141009270,WWTP,Public,4,NULL,21.338842,-157.705461,
-158.044123606248,21.4761865843881,129,Schofield WWTP,C&C Honolulu,328,,177001001,Reuse R1,Public,4,2/2/2007,21.47619,-158.044138,
-157.75840259596,21.4383665846777,130,Marine Corps Base Hawaii - Kaneohe,C&C Honolulu,330,,144008001,Reuse R2,Public,3,NULL,21.43837,-157.758417,
-157.963149601757,21.3268475753819,131,"NavFac Hawaii, fka Fort Kamehameha, Pearl Harbor - NPDES",C&C Honolulu,331,,199001013,WWTP,Public,4,NULL,21.326851,-157.963164,
-159.781097686454,22.0287506041086,132,Pacific Missile Range Facility,Kauai,333,,412002013,WWTP,Public,2,NULL,22.028754,-159.781112,
-159.658377681168,22.1301216118271,133,Kokee State Park,Kauai,334,,459001001,WWTP,Public,2,NULL,22.130125,-159.658392,
-159.354455666487,21.9594456028464,134,Banyan Harbor Resort,Kauai,401,UK-1249,432005008,WWTP,Private,2,7/9/1979,21.959449,-159.35447,
-159.408799670462,22.2118526201504,135,Kilauea Lighthouse Village Market & Café (Kauai),Kauai,402,,452023028,WWTP,Private,2,7/19/2019,22.211856,-159.408814,
-159.545668677599,22.2221136199596,136,Opakapaka Grill and Bar,Kauai,403,,458011013,WWTP,Public,1,NULL,22.222117,-159.545683,
-159.497387674792,22.2032546183369,137,Ching Young Village,Kauai,404,UK-2232,455002040,WWTP,Private,2,5/20/1982,22.203258,-159.497402,
-159.451398670071,21.8744815962883,138,Hale Kahanalu Apartments,Kauai,405,UK-2009,428018027,WWTP,Private,1,2/26/1974,21.874485,-159.451413,
-159.545114676721,22.2215956192015,139,Hanalei Colony Resort,Kauai,406,UK-1388,458011027,WWTP,Private,1,NULL,22.221599,-159.545129,
-159.437238669272,21.8810775962062,140,Hyatt Regency Kauai - Grand Hyatt,Kauai,409,UK-1515,429001009,Reuse R2,Private,2,9/17/1990,21.881081,-159.437253,
-159.340909666174,22.0111816067618,141,Kauai Beach Resort Association,Kauai,413,UK-1255,437003013,WWTP,Public,2,11/25/1981,22.011185,-159.340924,
-159.466188670762,21.8943015968703,142,Koloa Gardens Apartment,Kauai,416,UK-1218,426004031,WWTP,Private,1,NULL,21.894305,-159.466203,
-159.475002670625,21.8824135959578,143,Kuhio Shores,Kauai,418,,426005014,WWTP,Private,2,10/11/1974,21.882417,-159.475017,
-159.474886670925,21.8824485966215,144,Lawai Beach Resort,Kauai,420,UK-1348,426005004,WWTP,Private,2,3/29/1982,21.882452,-159.474901,
-159.445607668844,21.870078595864,145,Makahuena Resorts,Kauai,421,UK-1938,428020003,WWTP,Private,2,10/20/2011,21.870082,-159.445622,
-159.441806669125,21.8741895962219,146,Poipu Kai Resort - PH 2,Kauai,424,UK-1292,428028013,WWTP,Private,2,6/12/1980,21.874193,-159.441821,
-159.44605666895,21.8697255952395,147,Poipu Makai Resort,Kauai,425,UK-1830,428020004,WWTP,Private,2,4/18/1977,21.869729,-159.446071,
-159.44658466963,21.8699275961246,148,Poipu Palms,Kauai,426,UK-1236,428020041,WWTP,Private,2,10/11/1974,21.869931,-159.446599,
-159.448012669473,21.8709565955241,149,Poipu Shores,Kauai,427,UK-1338,428019004,WWTP,Private,2,10/14/1977,21.87096,-159.448027,
-159.462928669851,21.8799975960731,150,Poipu Wastewater Reclamation Facility - 1 mgd,Kauai,428,UK-2388,428014000,Reuse R1,Private,4,9/23/2010,21.880001,-159.462943,
-159.492616674883,22.2175016193013,151,Princeville Resort,Kauai,431,,454011001,Reuse R2,Private,3,NULL,22.217505,-159.492631,
-159.467640670809,21.8816065960206,152,Waikomo Stream Villas,Kauai,433,UK-1929,428015076,WWTP,Private,2,4/16/1981,21.88161,-159.467655,
-159.469755670851,21.8790375963945,153,Whaler's Cove at Poipu,Kauai,435,UK-1277,426007013,WWTP,Private,2,NULL,21.879041,-159.46977,
-159.466039670598,21.8776845957632,154,Alihi Lani Apartments,Kauai,436,UK-1609,428015009,WWTP,Private,2,NULL,21.877688,-159.466054,
-159.372087666401,21.958202602242,155,Lihue-Puhi Wastewater Facility,Kauai,439,,433003035,Reuse R1,Private,3,6/4/1993,21.958206,-159.372102,
-159.49708267524,22.2020686182046,156,Hanalei Center,Kauai,440,UK-1898,455009007,WWTP,Private,2,NULL,22.202072,-159.497097,
-159.464816670987,21.9041005979455,157,"15,000 GPD Old Koloa Town Shopping Ctr",Kauai,442,,428008036,WWTP,Private,,7/7/2020,21.904104,-159.464831,
-159.359453666232,21.9504796024607,158,Nawiliwili Boat Harbor,Kauai,443,UK-2104,432003043,WWTP,Public,,NULL,21.950483,-159.359468,
-159.447650669072,21.8707295953471,159,Sunset Kahili,Kauai,445,UK-2095,428019003,WWTP,Private,2,6/1/2005,21.870733,-159.447665,
-159.463128670491,21.9047045978903,160,Big Save WWTP,Kauai,447,UK-2889,428008014,WWTP,Private,2,4/10/2019,21.904708,-159.463143,
-159.620920677908,21.9136015974264,161,Kaumakani Village w/ biofilm system,Kauai,448,,417006001,WWTP,Private,1,12/6/2019,21.913605,-159.620935,
,,162,Makua Military Reservation,C&C Honolulu,46281,,182001002,Reuse R2,Public,,9/24/2012,,,
-156.021287510649,19.6897825176545,163,Kaloko Palms Industrial Park,Hawaii,500,UH-3061,373051003,WWTP,Private,2,7/12/2019,19.689786,-156.021302,
-155.905604502654,19.4854215099327,164,Captain Cook Ocean View Condo,Hawaii,503,,382003017,WWTP,Private,2,NULL,19.485425,-155.905619,
-155.038116488508,19.7123045377881,165,General Lyman Field - Hilo Airport,Hawaii,505,UH-1356,321012001,WWTP,Public,2,1/12/1977,19.712308,-155.038131,
-156.02264651058,19.6682685161709,166,Honokohau Harbor (South Side Comfort Station),Hawaii,510,UH-1910,374008003,WWTP,Public,2,NULL,19.668272,-156.022661,
-155.812907512671,20.0239165377732,167,Kawaihae Village,Hawaii,511,UH-1281,362003055,WWTP,Private,2,NULL,20.02392,-155.812922,
-156.036992512481,19.7485535194555,168,Ellison Onizuka International Airport (fka Kona International Airport & fka Keahole Airport),Hawaii,512,,373043003,Reuse R1,Public,4,1/1/1999,19.748557,-156.037007,
-155.907235502721,19.4875025102464,169,"Kealakekua Ranch, Ltd Center",Hawaii,513,UH-1237,382001125,WWTP,Private,1,NULL,19.487506,-155.90725,
-155.930520504628,19.5450625120272,170,Kona Coffee Villas,Hawaii,516,UH-1535,379003010,WWTP,Private,2,7/23/2003,19.545066,-155.930535,
-155.962177507452,19.6028395146667,171,Kona Eastwind,Hawaii,517,UH-1282,377015089,WWTP,Private,2,6/3/1980,19.602843,-155.962192,
-155.918454504653,19.5203635113667,172,Kona Community Hospital,Hawaii,518,UH-1386,379010081,WWTP,Public,2,NULL,19.520367,-155.918469,
-155.963166507744,19.6048405141852,173,Kona Sunset Villas,Hawaii,526,UH-1283,377015068,WWTP,Private,1,11/6/1980,19.604844,-155.963181,
-155.962508507368,19.6024845139254,174,Kona Westwind Condominium,Hawaii,528,UH-1266,377015093,WWTP,Private,2,4/25/1977,19.602488,-155.962523,
-155.962735506829,19.6036965143467,175,Maluhia Kai,Hawaii,529,UH-2054,377015079,WWTP,Private,2,NULL,19.6037,-155.96275,
-155.838990511626,19.9480115329938,176,Kalahuipua'a Lagoons Treatment Facility fka: Mauna Lani WWTP,Hawaii,531,UH-2546,368001049,WWTP,Private,2,12/15/1982,19.948015,-155.839005,
-155.839533512184,19.9721455344389,177,Puako Beach Apartments,Hawaii,534,UH-2020,369003019,WWTP,Private,2,NULL,19.972149,-155.839548,
-155.515608484618,19.1331785019933,178,Punaluu Water and Sanitation Corporations,Hawaii,535,,395019011,WWTP,Private,2,NULL,19.133182,-155.515623,
-155.963328507288,19.6053205144699,179,Ikena Lalo Condominium,Hawaii,538,UH-1972,377015066,WWTP,Private,2,11/7/1991,19.605324,-155.963343,
-155.874890511764,19.9099135306556,180,Waikoloa Resort WRF,Hawaii,540,UH-2294,368001028,Reuse R1,Private,3,9/25/2012,19.909917,-155.874905,
-155.805213510198,19.9340905330711,181,Waikoloa Village Wastewater Treatment Plant (A-Plant),Hawaii,541,,368002019,WWTP,Private,2,11/30/2009,19.934094,-155.805228,
-155.660474508709,20.0240655405447,182,"Waimea Town Plaza 3,000 GPD WWTP",Hawaii,542b,UH-1999,364006023,WWTP,Private,,NULL,20.024069,-155.660489,
-155.802636510618,19.9607915344695,183,Kamakoa Water Reclamation Plant (K-Plant),Hawaii,549,,368002019,WWTP,Private,1,6/21/2013,19.960795,-155.802651,
-155.465813505581,20.0978905470035,184,Honokaa WWTP,Hawaii,550,UH-2002,345002021,WWTP,Public,2,9/20/1994,20.097894,-155.465828,
,,185,Honokaa Wastewater Treatment Plant Upgrade - Ph. I,Hawaii,550a,UH-2002,345002060,WWTP,Public,2,7/11/2012,,,
-155.811901512365,19.9987575366653,186,South Kohala WWRF,Hawaii,551,,362013006,Reuse R1,Private,3,3/16/1995,19.998761,-155.811916,
-155.683517508473,19.9837165376621,187,"Waimea Wastewater Company, Inc. fka Parker Ranch",Hawaii,555,,368001001,Reuse R3,Private,2,5/22/1997,19.98372,-155.683532,
-155.982443512976,19.8250805250689,188,Hualalai Four Seasons (Kaupulehu) Interim WWTP,Hawaii,556,UH-1927,372013012,WWTP,Private,2,8/6/1996,19.825084,-155.982458,
-155.760880511207,20.0225305382491,189,Ouli Ekahi Affordable Housing WWTP,Hawaii,557,,362001085,WWTP,Private,2,2/15/1996,20.022534,-155.760895,
-155.796425516303,20.2326145473381,190,Kohala Hospital,Hawaii,559,,354005037,WWTP,Public,1,5/19/1997,20.232618,-155.79644,
-155.058755487253,19.6582285354572,191,Hale Nani Community Correctional Facility,Hawaii,560,,324049018,WWTP,Public,2,4/30/1997,19.658232,-155.05877,
-155.96678250633,19.5679275124056,192,Heeia (Keauhou-Kona Resort),Hawaii,563,,378010037,Reuse R2,Private,3,4/27/1990,19.567931,-155.966797,
-155.98740151278,19.8075515236194,193,"North Kona Coast WWTF aka :""Kukio WWTF""",Hawaii,565,,372004016,WWTP,Private,2,10/9/2002,19.807555,-155.987416,
-155.298794490346,19.5448085252756,194,Kulani Correctional Facility WWTP,Hawaii,566,,324008009,WWTP,Public,1,4/8/2005,19.544812,-155.298809,
-156.021272510539,19.6706765164222,195,Gentry's Kona Marina WWTP,Hawaii,567,,374008042,WWTP,Private,1,8/25/2014,19.67068,-156.021287,
-155.982827513039,19.8296155247156,196,Kona Village Resort WWRF,Hawaii,569,,372010010,WWTP,Private,,11/21/2022,19.829619,-155.982842,
-155.914118502976,19.492719510284,197,Hind Drive Properties LLC Wastewater Treatment Works,Hawaii,571,,381008022,WWTP,Private,1,10/22/2008,19.492723,-155.914133,
-156.014720511048,19.7125395184141,198,Seascape Development WWTP,Hawaii,572,UH-2492,373010051,WWTP,Private,2,11/10/2008,19.712543,-156.014735,
-155.951930504663,19.5197285108913,199,"Hokulia Ph 1 - 128,000 gpd",Hawaii,573b,,381004003,WWTP,Private,,9/15/2015,19.519732,-155.951945,
-155.095336489145,19.6843925359699,200,Life Care Center of Hilo,Hawaii,574,UH-2785,324003052,WWTP,Public,2,5/17/2010,19.684396,-155.095351,
-156.036902511152,19.7026705177859,201,Kohanaiki Phase I WWTP,Hawaii,577b,,373009003,Reuse R1,Private,4,9/15/2014,19.702674,-156.036917,
-155.970439512537,19.8328355249163,202,Kaupulehu Lot 4A Interim WWTP,Hawaii,578a,,372010031,WWTP,Private,2,1/7/2009,19.832839,-155.970454,
-155.009494486373,19.6585185363484,203,Mauna Loa Macadamia Nut Corporation,Hawaii,579,,316001026,WWTP,Private,,5/18/2011,19.658522,-155.009509,
,,204,Cellana Kona Pilot Facilty - Wastewater Disposal System (non-domestic WW) NOT a WWTP,Hawaii,580,,373043042,Non-Domestic,Private,,8/19/2009,,,
-155.967035506915,19.5819965129888,205,Kona Seaspray Apartments,Hawaii,582,UH-2828,378014016,WWTP,Private,2,6/15/2011,19.582,-155.96705,
-155.848868493586,19.1458644949339,206,Buderim Macademias of Hawaii Process Water Orchard Irrigation System,Hawaii,584,,389012008,Non-Domestic,Private,,10/20/2010,19.145868,-155.848883,
-154.960782484452,19.6145165353879,207,Hawaiian Shellfish LLC,Hawaii,586,,315053035,Non-Domestic,Private,,7/11/2011,19.61452,-154.960797,
-156.012303510257,19.6909025178051,208,Kaloko Housing Project,Hawaii,587,,373009055,WWTP,Public,2,11/2/2011,19.690906,-156.012318,
-155.055044488853,19.7276985385736,209,Aloha Petroleum Hilo West Terminal,Hawaii,588,,321007002,Non-Domestic,Private,,4/16/2012,19.727702,-155.055059,
-156.014223511814,19.7390015200214,210,Hawaii Community College Palamanui (fka University of Hawaii West Hawaii Campus),Hawaii,591,,373010042,WWTP,Public,,9/2/2015,19.739005,-156.014238,
-156.015064510366,19.6742405168494,211,Kaiser Kona Medical Office Building,Hawaii,592,,374008030,Reuse R3,Private,,4/28/2014,19.674244,-156.015079,
-155.113736492813,19.8700925438606,212,Honomu  Express LLC WTW,Hawaii,593,,328014107,WWTP,Private,1,11/25/2014,19.870096,-155.113751,
-155.999793509526,19.6429975155932,213,Kona Brewery,Hawaii,596,UH-3056,374010004,WWTP,Private,,3/2/2021,19.643001,-155.999808,
-154.956689481341,19.501767530736,214,Puna Kai Shopping Center,Hawaii,599,,315007069,WWTP,Private,,11/23/2020,19.501771,-154.956704,
-156.996220565112,21.0789935734416,215,Hotel Molokai,Maui,601,UM-1211,254002001,WWTP,Private,1,NULL,21.078997,-156.996235,
-157.247379574268,21.1834575758059,216,Kaluakoi Wastewater Treatment Facility,Maui,603,,251003008,WWTP,Private,2,4/12/1977,21.183461,-157.247394,
-157.247379574268,21.1834575758059,217,Ke Nani Kai Condo WWTP,Maui,604,,251003008,WWTP,Private,2,5/3/1982,21.183461,-157.247394,
-157.062960567842,21.1260705751321,218,Kualapuu Sewerage System,Maui,605,,252011026,WWTP,Private,1,NULL,21.126074,-157.062975,
-157.215814572896,21.1366485737939,219,Maunaloa Stabilization Ponds,Maui,606,,251002024,WWTP,Private,1,NULL,21.136652,-157.215829,
-157.002769565353,21.0813335733823,220,Molokai Shores,Maui,607,UM-1252,254002013,WWTP,Private,2,NULL,21.081337,-157.002784,
-156.838438560065,21.0562155738657,221,Wavecrest Resort,Maui,609,UM-1262,256004055,WWTP,Private,2,5/30/1975,21.056219,-156.838453,
-156.896988556758,20.7490325566234,222,Manele Bay WWTP,Maui,701,,249017002,Reuse R1,Private,3,3/13/1991,20.749036,-156.897003,
-156.925750558294,20.8158905601449,223,Lanai Auxiliary WWRF,Maui,702,,249002001,Reuse R1,Private,2,NULL,20.815894,-156.925765,
-156.418696544136,20.8604345691687,224,Maui Eko,Maui,901,,238003019,Biosolids,Public,,NULL,20.860438,-156.418711,
-158.08413860574,21.3085115733636,225,Navy Barbers Point Biosolids Treatment Facility,C&C Honolulu,903,,191013060,Biosolids,Public,,NULL,21.308515,-158.084153,
