<?xml version="1.0" encoding="UTF-8"?><metadata>
    <idinfo>
        <citation>
            <citeinfo>
                <title>Intermediate Care Facilities for Individuals with Intellectual Disabilities</title>
                <onlink>https://geodata.hawaii.gov/arcgis/rest/services/HumanHealthSafety/MapServer/13</onlink>
                <onlink>https://files.hawaii.gov/dbedt/op/gis/data/Int_Care_Fac_For_Ind_W_Intel_Disabilities.pdf</onlink>
            </citeinfo>
        </citation>
        <descript>
            <abstract>[Metadata]  Locations of intermediate care facilities for individuals with intellectual disabilities in the State of Hawaii as of November 2021. Source: State of Hawaii Dept. of Health, November 2021 - Created by Hawaii Statewide GIS Program from data downloaded from Hawaii State Department of Health Office of Health Care Assurance (OHCA), November 2021. For more information, please see metadata at https://files.hawaii.gov/dbedt/op/gis/data/Int_Care_Fac_For_Ind_W_Intel_Disabilities.pdf or contact Hawaii Statewide GIS Program, Office of Planning and Sustainable Development, State of Hawaii; PO Box 2359, Honolulu, Hi. 96804; (808) 587-2846; email: gis@hawaii.gov; Website: https://planning.hawaii.gov/gis. Source: State of Hawaii Dept. of Health, November 2021.</abstract>
            <purpose>Locations of Intermediate Care Facilities for Individuals w/ Intellectual Disabilities as of November 2021.</purpose>
        </descript>
        <keywords>
            <theme>
                <themekt>None</themekt>
                <themekey>hawaii</themekey>
                <themekey>DOH</themekey>
                <themekey>intermediate care facilities</themekey>
                <themekey>OHCA</themekey>
                <themekey>intellectual disabilities</themekey>
                <themekey>mentally retarded individuals</themekey>
                <themekey>rehabilitative services</themekey>
                <themekey>active treatment program</themekey>
                <themekey>health</themekey>
            </theme>
        </keywords>
        <accconst>None</accconst>
        <useconst>State of Hawaii Terms of Use. 



The
 contents of this web page are public domain and to the extent indicated
 otherwise in the Terms of Use, are exempt from Terms of Use policy 
restrictions.There are no expressed warranties associated with the 
release of this data or product. Specifically, no warranty is made that 
the GIS data or any subsequent updates will be error free and no 
warranty is made regarding the positional or thematic accuracy of the 
GIS data. The GIS data and any features depicted do not represent or 
confer any legal rights, privileges, benefits, boundaries or claims of 
any kind. The Office of Planning and Sustainable Development encourages users to report any 
discrepancies or errors found.  Contact: Hawaii Statewide GIS Program, Office of Planning and Sustainable Development, State of Hawaii; PO Box 2359, Honolulu, Hi. 96804; (808) 587-2846; email: gis@hawaii.gov. Website: https://planning.hawaii.gov/gis.</useconst>
        <datacred>Hawaii State Department of Health, Office of Health Care Assurance (OHCA); Hawaii Statewide GIS Program</datacred>
    </idinfo>
    <metainfo>
        <metd>20210210</metd>
        <metc>
            <cntinfo>
                <!--no contact person or organization name available-->
            </cntinfo>
        </metc>
        <metstdn>FGDC Content Standard for Digital Geospatial Metadata</metstdn>
        <metstdv>FGDC-STD-001-1998</metstdv>
        <mettc>local time</mettc>
    </metainfo>
</metadata>
