<?xml version="1.0" encoding="UTF-8"?><metadata>
    <idinfo>
        <citation>
            <citeinfo>
                <title>Public Schools</title>
                <onlink>https://geodata.hawaii.gov/arcgis/rest/services/Infrastructure/MapServer/7</onlink>
                <onlink>https://files.hawaii.gov/dbedt/op/gis/data/public_schools.pdf</onlink>
            </citeinfo>
        </citation>
        <descript>
            <abstract>[Metadata]  Public School locations for 
the main Hawaiian Islands as of July 2023.  NOTE: This data layer shows 
the location and status of public schools BEFORE THE MAUI WILDFIRES OF 
AUGUST 2023.  Source: State Department of Education, 8/24/23. For additional information, please refer to complete metadata at https://files.hawaii.gov/dbedt/op/gis/data/public_schools.pdf or contact Hawaii Statewide GIS Program, Office of Planning and Sustainable Development, State of Hawaii; PO Box 2359, Honolulu, HI 96804; (808) 587-2846; email: gis@hawaii.gov; Website: https://planning.hawaii.gov/gis.</abstract>
            <purpose>Public School locations for the main Hawaiian Islands as of July 2023.  NOTE: This data layer shows the location and status of public schools BEFORE THE MAUI WILDFIRES OF AUGUST 2023.</purpose>
        </descript>
        <keywords>
            <theme>
                <themekt>None</themekt>
                <themekey>Public Schools</themekey>
                <themekey>Facilities and Structures</themekey>
                <themekey>Schools</themekey>
                <themekey>Education</themekey>
                <themekey>Elementary Schools</themekey>
                <themekey>Middle Schools</themekey>
                <themekey>Intermediate Schools</themekey>
                <themekey>High Schools</themekey>
            </theme>
        </keywords>
        <accconst>None</accconst>
        <useconst>State of Hawaii Terms of Use. 



The
 contents of this web page are public domain and to the extent indicated
 otherwise in the Terms of Use, are exempt from Terms of Use policy 
restrictions.There are no expressed warranties associated with the 
release of this data or product. Specifically, no warranty is made that 
the GIS data or any subsequent updates will be error free and no 
warranty is made regarding the positional or thematic accuracy of the 
GIS data. The GIS data and any features depicted do not represent or 
confer any legal rights, privileges, benefits, boundaries or claims of 
any kind. The Office of Planning and Sustainable Development encourages users to report any 
discrepancies or errors found. 
 Contact: Hawaii Statewide GIS Program, Office of Planning and 
Sustainable Development, State of Hawaii; PO Box 2359, Honolulu, Hi. 
96804; (808) 587-2846; email: gis@hawaii.gov. Website: https://planning.hawaii.gov/gis.</useconst>
        <datacred>Hawaii State Department of Education; Hawaii Statewide GIS Program</datacred>
    </idinfo>
    <metainfo>
        <metd>20200921</metd>
        <metc>
            <cntinfo>
                <!--no contact person or organization name available-->
            </cntinfo>
        </metc>
        <metstdn>FGDC Content Standard for Digital Geospatial Metadata</metstdn>
        <metstdv>FGDC-STD-001-1998</metstdv>
        <mettc>local time</mettc>
    </metainfo>
</metadata>
