<?xml version="1.0" encoding="UTF-8"?><metadata>
    <idinfo>
        <citation>
            <citeinfo>
                <title>Map</title>
            </citeinfo>
        </citation>
        <descript>
            <abstract>AGOL Hosted Road Rehabilitation Layer Used in CCH AGOL Web Maps</abstract>
            <purpose>Status of the City and County of Honolulu  Road Rehabilitation Projects
For cartographic mapping purposes of the progress of road repaving projects on City and County of Honolulu roadways.</purpose>
        </descript>
        <keywords>
            <theme>
                <themekt>None</themekt>
                <themekey>road</themekey>
                <themekey>road rehabilitaion</themekey>
                <themekey>road repave</themekey>
            </theme>
        </keywords>
        <accconst>None</accconst>
        <useconst/>
        <datacred/>
    </idinfo>
    <metainfo>
        <metstdn>FGDC Content Standard for Digital Geospatial Metadata</metstdn>
        <metstdv>FGDC-STD-001-1998</metstdv>
        <mettc>local time</mettc>
    </metainfo>
</metadata>
