<?xml version="1.0" encoding="UTF-8"?><metadata>
    <idinfo>
        <citation>
            <citeinfo>
                <title>Map</title>
            </citeinfo>
        </citation>
        <descript>
            <abstract>Sewer and stormwater datasets used in web applications.</abstract>
            <purpose>Sewer and stormwater datasets.</purpose>
        </descript>
        <keywords>
            <theme>
                <themekt>None</themekt>
                <themekey>Sewer</themekey>
                <themekey>Stormwater</themekey>
                <themekey>HOLIS</themekey>
                <themekey>CCHNL</themekey>
                <themekey>Utilities</themekey>
                <themekey>Storm Water</themekey>
                <themekey>GIS</themekey>
            </theme>
        </keywords>
        <accconst>None</accconst>
        <useconst/>
        <datacred/>
    </idinfo>
    <metainfo>
        <metstdn>FGDC Content Standard for Digital Geospatial Metadata</metstdn>
        <metstdv>FGDC-STD-001-1998</metstdv>
        <mettc>local time</mettc>
    </metainfo>
</metadata>
